{
  "parent": "minecraft:recipes/root",
  "criteria": {
    "has_glow_ink": {
      "trigger": "minecraft:inventory_changed",
      "conditions": {
        "items": [
          {
            "items": [
              "minecraft:glow_ink_sac"
            ]
          }
        ]
      }
    },
    "has_the_recipe": {
      "trigger": "minecraft:recipe_unlocked",
      "conditions": {
        "recipe": "usefulmobs:glow_ink_spectral_arrow"
      }
    }
  },
  "requirements": [
    [
      "has_glow_ink",
      "has_the_recipe"
    ]
  ],
  "rewards": {
    "recipes": [
      "usefulmobs:glow_ink_spectral_arrow"
    ]
  }
}
